Name,Country,Domain / Website,Category / Notes,Type (Public/Private),Founded,Approx. Enrollment,National Regulator / Accreditor,Legal / Regulatory Notes (as of Aug 2026)
Massachusetts Institute of Technology (MIT),United States,mit.edu,QS 2026 Rank 1,Private,1861,"~11,500",New England Commission of Higher Education (NECHE),Joined amicus briefs supporting Harvard in 2025-26 federal research-funding disputes with the Trump administration (see NIH/NSF indirect-cost cap litigation); no settlement reported as of Aug 2026.
Imperial College London,United Kingdom,imperial.ac.uk,QS 2026 Rank 2,Public,1907,"~22,000",Office for Students (England),No major public legal/regulatory disputes identified.
Stanford University,United States,stanford.edu,QS 2026 Rank 3,Private,1885,"~17,500",WASC Senior College and University Commission,Subject to Trump administration federal-funding/DEI policy scrutiny in 2025-26 alongside other elite US universities; no lawsuit or settlement specifically reported as of Aug 2026.
University of Oxford,United Kingdom,ox.ac.uk,QS 2026 Rank 4,Public,1096 (exact date unknown),"~26,000",Office for Students (England),No major public legal/regulatory disputes identified.
Harvard University,United States,harvard.edu,QS 2026 Rank 5,Private,1636,"~24,000",New England Commission of Higher Education (NECHE),"Central party in ongoing 2025-26 US federal litigation: sued the Trump administration over a $2.2B research-funding freeze; won a federal court ruling (Sept 2025) that the freeze was unlawful, which the government is appealing; a new DOJ lawsuit against Harvard was filed Feb 2026; IRS reportedly considered revoking tax-exempt status. Did not settle, unlike several peer universities."
University of Cambridge,United Kingdom,cam.ac.uk,QS 2026 Rank 6,Public,1209,"~24,000",Office for Students (England),No major public legal/regulatory disputes identified.
ETH Zurich,Switzerland,ethz.ch,Top 10 (approx.),Public,1855,"~24,000",Swiss Federal Government / swissuniversities,No major public legal/regulatory disputes identified.
National University of Singapore (NUS),Singapore,nus.edu.sg,Top 10 (approx.),Public,1905,"~40,000","Ministry of Education, Singapore",No major public legal/regulatory disputes identified.
UCL (University College London),United Kingdom,ucl.ac.uk,QS 2026 Rank 9,Public,1826,"~50,000",Office for Students (England),No major public legal/regulatory disputes identified.
California Institute of Technology (Caltech),United States,caltech.edu,Top 10 (approx.),Private,1891,"~2,400",WASC Senior College and University Commission,"No lawsuit specifically reported, but part of broader 2025-26 US research-funding policy disputes affecting federally funded research universities."
University of Hong Kong (HKU),Hong Kong,hku.hk,QS 2026 Rank 11,Public,1911,"~34,000",Hong Kong University Grants Committee,No major public legal/regulatory disputes identified.
University of Chicago,United States,uchicago.edu,QS 2026 Rank 13,Private,1890,"~18,500",Higher Learning Commission,"No lawsuit specifically reported, but named among schools facing DEI/antisemitism-related federal scrutiny in 2025-26."
Peking University,China,pku.edu.cn,QS 2026 Rank 14,Public,1898,"~45,000",Chinese Ministry of Education,No major public legal/regulatory disputes identified.
University of Pennsylvania,United States,upenn.edu,QS 2026 Rank 15,Private,1740,"~26,000",Middle States Commission on Higher Education,"Reached a settlement with the Trump administration in July 2025 restoring $175M in frozen federal funding, after agreeing to revise transgender-athlete policies/records; also joined a 2026 amicus brief backing Harvard's funding lawsuit and challenged NIH/NSF indirect-cost caps."
Cornell University,United States,cornell.edu,QS 2026 Rank 16,Private,1865,"~26,000",Middle States Commission on Higher Education,Faced federal funding pressure in 2025 tied to the same DEI/antisemitism campaign affecting Ivy League schools; did not join the Penn-led 2026 amicus brief per reporting.
Tsinghua University,China,tsinghua.edu.cn,QS 2026 Rank 17,Public,1911,"~50,000",Chinese Ministry of Education,No major public legal/regulatory disputes identified.
Nanyang Technological University (NTU),Singapore,ntu.edu.sg,Top 20 (approx.),Public,1991,"~33,000","Ministry of Education, Singapore",No major public legal/regulatory disputes identified.
University of Edinburgh,United Kingdom,ed.ac.uk,Top 30 (approx.),Public,1583,"~47,000",Scottish Funding Council,No major public legal/regulatory disputes identified.
Yale University,United States,yale.edu,QS 2026 Rank 21,Private,1701,"~14,500",New England Commission of Higher Education (NECHE),Named among Ivy League schools facing 2025-26 federal DEI/antisemitism funding scrutiny; joined 2026 amicus brief supporting Harvard's funding lawsuit.
Princeton University,United States,princeton.edu,QS 2026 Rank 25,Private,1746,"~8,600",Middle States Commission on Higher Education,Faced federal grant funding disputes in 2025-26 alongside peer Ivy League institutions; joined 2026 amicus brief supporting Harvard.
University of Melbourne,Australia,unimelb.edu.au,Top 30 (approx.),Public,1853,"~52,000",Tertiary Education Quality and Standards Agency (Australia),No major public legal/regulatory disputes identified.
University of Toronto,Canada,utoronto.ca,Top 30 (approx.),Public,1827,"~97,000",Ontario Ministry of Colleges and Universities,No major public legal/regulatory disputes identified.
Fudan University,China,fudan.edu.cn,QS 2026 Rank 30,Public,1905,"~32,000",Chinese Ministry of Education,No major public legal/regulatory disputes identified.
Australian National University,Australia,anu.edu.au,Top 35 (approx.),Public,1946,"~24,000",Tertiary Education Quality and Standards Agency (Australia),No major public legal/regulatory disputes identified.
University of Manchester,United Kingdom,manchester.ac.uk,Top 35 (approx.),Public,1824,"~48,000",Office for Students (England),No major public legal/regulatory disputes identified.
Columbia University,United States,columbia.edu,QS 2026 Rank 38,Private,1754,"~33,000",Middle States Commission on Higher Education,"Settled with the Trump administration in July 2025 (reported ~$200M payment), agreeing to end race-conscious admissions/hiring practices, share admissions demographic data, and review international admissions, ending a federal funding freeze and investigation."
University of British Columbia,Canada,ubc.ca,Top 40 (approx.),Public,1908,"~66,000",British Columbia Ministry of Post-Secondary Education,No major public legal/regulatory disputes identified.
King's College London,United Kingdom,kcl.ac.uk,Top 45 (approx.),Public,1829,"~33,000",Office for Students (England),No major public legal/regulatory disputes identified.
Johns Hopkins University,United States,jhu.edu,Top 30 (approx.),Private,1876,"~29,000",Middle States Commission on Higher Education,"Absorbed major USAID-related federal funding/grant cuts in 2025 (largest single recipient of USAID funding among US universities), leading to layoffs; part of broader 2025-26 federal research-funding disputes."
University of Sydney,Australia,sydney.edu.au,Top 25 (approx.),Public,1850,"~73,000",Tertiary Education Quality and Standards Agency (Australia),No major public legal/regulatory disputes identified.
Yonsei University,South Korea,yonsei.ac.kr,QS 2026 Rank 50,Private,1885,"~38,000",Korean Ministry of Education,No major public legal/regulatory disputes identified.
New York University (NYU),United States,nyu.edu,Top 40 (approx.),Private,1831,"~59,000",Middle States Commission on Higher Education,"Named among schools facing 2025-26 federal DEI/antisemitism-related funding scrutiny, though no lawsuit/settlement specifically reported as of Aug 2026."
"University of California, Berkeley",United States,berkeley.edu,Top 15 (approx.),Public,1868,"~45,000",WASC Senior College and University Commission,Part of the broader University of California system named in AAUP-backed federal court cases (2025-26) challenging Trump administration funding freezes tied to unsubstantiated antisemitism claims; UC won favorable rulings per reporting.
"University of California, Los Angeles (UCLA)",United States,ucla.edu,Top 40 (approx.),Public,1919,"~46,000",WASC Senior College and University Commission,Part of UC system litigation described above; also separately faced a 2025 federal funding freeze tied to an antisemitism investigation.
University of Michigan,United States,umich.edu,Top 40 (approx.),Public,1817,"~52,000",Higher Learning Commission,No major public legal/regulatory disputes identified.
Duke University,United States,duke.edu,Top 30 (approx.),Private,1838,"~17,000",Southern Association of Colleges and Schools Commission on Colleges,No major public legal/regulatory disputes identified.
Brown University,United States,brown.edu,QS 2026 Rank 69,Private,1764,"~10,700",New England Commission of Higher Education (NECHE),"Reported to have settled with the Trump administration in 2025, ending a federal funding freeze/investigation, alongside Columbia."
Dartmouth College,United States,dartmouth.edu,QS 2026 Rank 247,Private,1769,"~6,700",New England Commission of Higher Education (NECHE),"No major public legal/regulatory disputes identified; notable for a sharp QS 2026 ranking drop to #247, unrelated to any legal matter."
Adelaide University,Australia,adelaide.edu.au,QS 2026 Rank 82,Public,2024 (merger of Univ. of Adelaide & Univ. of South Australia),"~70,000 (combined)",Tertiary Education Quality and Standards Agency (Australia),"No major public legal/regulatory disputes identified; newly merged institution, most-improved in QS 2026."
King Fahd University of Petroleum and Minerals,Saudi Arabia,kfupm.edu.sa,QS 2026 Rank 67,Public,1963,"~10,000",Saudi Ministry of Education,No major public legal/regulatory disputes identified.
Politecnico di Milano,Italy,polimi.it,QS 2026 Rank 98,Public,1863,"~48,000",Italian Ministry of University and Research (MUR),No major public legal/regulatory disputes identified.
Sunway University,Malaysia,sunwayuniversity.edu.my,"Most improved, QS 2026",Private,2011 (university status),"~9,000",Malaysian Qualifications Agency (MQA),No major public legal/regulatory disputes identified.
University of Tokyo,Japan,u-tokyo.ac.jp,Top 30 (approx.),Public,1877,"~28,000",Japanese Ministry of Education (MEXT),No major public legal/regulatory disputes identified.
Kyoto University,Japan,kyoto-u.ac.jp,Top 60 (approx.),Public,1897,"~22,000",Japanese Ministry of Education (MEXT),No major public legal/regulatory disputes identified.
Seoul National University,South Korea,snu.ac.kr,Top 40 (approx.),Public,1946,"~28,000",Korean Ministry of Education,No major public legal/regulatory disputes identified.
KAIST,South Korea,kaist.ac.kr,Top 60 (approx.),Public,1971,"~10,500",Korean Ministry of Education,No major public legal/regulatory disputes identified.
Delft University of Technology,Netherlands,tudelft.nl,Top 50 (approx.),Public,1842,"~27,000",Dutch-Flemish Accreditation Organisation (NVAO),No major public legal/regulatory disputes identified.
University of Amsterdam,Netherlands,uva.nl,Top 60 (approx.),Public,1632,"~42,000",Dutch-Flemish Accreditation Organisation (NVAO),No major public legal/regulatory disputes identified.
LMU Munich,Germany,lmu.de,Top 60 (approx.),Public,1472,"~52,000",German Accreditation Council,No major public legal/regulatory disputes identified.
Technical University of Munich,Germany,tum.de,Top 40 (approx.),Public,1868,"~50,000",German Accreditation Council,No major public legal/regulatory disputes identified.
Sorbonne University,France,sorbonne-universite.fr,Top 70 (approx.),Public,2018 (merger),"~55,000",French Ministry of Higher Education and Research,No major public legal/regulatory disputes identified.
Sciences Po,France,sciencespo.fr,"Top 250 (approx., social sciences focus)",Public (grand établissement),1872,"~15,000",French Ministry of Higher Education and Research,No major public legal/regulatory disputes identified.
KU Leuven,Belgium,kuleuven.be,Top 80 (approx.),Public,1425,"~65,000",Dutch-Flemish Accreditation Organisation (NVAO) / Flemish govt,No major public legal/regulatory disputes identified.
University of Zurich,Switzerland,uzh.ch,Top 90 (approx.),Public,1833,"~28,000",Swiss Canton of Zurich / swissuniversities,No major public legal/regulatory disputes identified.
Indian Institute of Technology Bombay (IIT Bombay),India,iitb.ac.in,QS 2026 Rank 118,Public,1958,"~11,000",All India Council for Technical Education (AICTE) / UGC,No major public legal/regulatory disputes identified.
Indian Institute of Technology Delhi (IIT Delhi),India,iitd.ac.in,QS 2026 Rank 150,Public,1961,"~9,500",All India Council for Technical Education (AICTE) / UGC,No major public legal/regulatory disputes identified.
"— NEPAL-CONTEXT ADDITIONS (universities commonly represented by Nepali study-abroad consultancies; curated, not exhaustive/official) —",,,,,,,,
RMIT University,Australia,Not verified,Frequently cited by Nepali consultancies (Right & Associates) (Popular Destination),Not researched,Not researched,Not researched,Not researched,Not researched for this pass
University of Melbourne,Australia,Not verified,Commonly represented destination university (Popular Destination),Not researched,Not researched,Not researched,Not researched,Not researched for this pass
Deakin University,Australia,Not verified,Common consultancy partner destination (Popular Destination),Not researched,Not researched,Not researched,Not researched,Not researched for this pass
Victoria University,Australia,Not verified,Common consultancy partner destination (Popular Destination),Not researched,Not researched,Not researched,Not researched,Not researched for this pass
University of Technology Sydney,Australia,Not verified,Common consultancy partner destination (Popular Destination),Not researched,Not researched,Not researched,Not researched,Not researched for this pass
Griffith University,Australia,Not verified,Common consultancy partner destination (Popular Destination),Not researched,Not researched,Not researched,Not researched,Not researched for this pass
La Trobe University,Australia,Not verified,Common consultancy partner destination (Popular Destination),Not researched,Not researched,Not researched,Not researched,Not researched for this pass
University of Toronto,Canada,Not verified,Cited by Friendz Consulting/others (Popular Destination),Not researched,Not researched,Not researched,Not researched,Not researched for this pass
McGill University,Canada,Not verified,Cited by Friendz Consulting/others (Popular Destination),Not researched,Not researched,Not researched,Not researched,Not researched for this pass
University of British Columbia,Canada,Not verified,Cited by Friendz Consulting/others (Popular Destination),Not researched,Not researched,Not researched,Not researched,Not researched for this pass
Conestoga College,Canada,Not verified,Common consultancy partner destination (Popular Destination),Not researched,Not researched,Not researched,Not researched,Not researched for this pass
Centennial College,Canada,Not verified,Common consultancy partner destination (Popular Destination),Not researched,Not researched,Not researched,Not researched,Not researched for this pass
University of Manchester,UK,Not verified,Common consultancy partner destination (Popular Destination),Not researched,Not researched,Not researched,Not researched,Not researched for this pass
Coventry University,UK,Not verified,Common consultancy partner destination (Popular Destination),Not researched,Not researched,Not researched,Not researched,Not researched for this pass
University of West London,UK,Not verified,Common consultancy partner destination (Popular Destination),Not researched,Not researched,Not researched,Not researched,Not researched for this pass
Cardiff Metropolitan University,UK,Not verified,Common consultancy partner destination (Popular Destination),Not researched,Not researched,Not researched,Not researched,Not researched for this pass
Northumbria University,UK,Not verified,Common consultancy partner destination (Popular Destination),Not researched,Not researched,Not researched,Not researched,Not researched for this pass
Arizona State University,USA,Not verified,Common consultancy partner destination (Popular Destination),Not researched,Not researched,Not researched,Not researched,Not researched for this pass
University of Alabama,USA,Not verified,Common consultancy partner destination (Popular Destination),Not researched,Not researched,Not researched,Not researched,Not researched for this pass
Southern Illinois University,USA,Not verified,Common consultancy partner destination (Popular Destination),Not researched,Not researched,Not researched,Not researched,Not researched for this pass
Auckland University of Technology,New Zealand,Not verified,Common consultancy partner destination (Popular Destination),Not researched,Not researched,Not researched,Not researched,Not researched for this pass
University of Otago,New Zealand,Not verified,Common consultancy partner destination (Popular Destination),Not researched,Not researched,Not researched,Not researched,Not researched for this pass
